,Rank,NameCountry/Region,No. of FTE Students,No. of students per staff,International Students,Female:Male Ratio
0,1,University of OxfordUnited Kingdom,20409,11.2,38%,46 : 54
1,2,University of CambridgeUnited Kingdom,18389,10.9,35%,45 : 55
2,=3,California Institute of TechnologyUnited States,2209,6.5,27%,31 : 69
3,=3,Stanford UniversityUnited States,15845,7.5,22%,42 : 58
4,5,Massachusetts Institute of TechnologyUnited States,11177,8.7,34%,37 : 63
5,6,Harvard UniversityUnited States,20326,8.9,26%,
6,7,Princeton UniversityUnited States,7955,8.3,24%,45 : 55
7,8,Imperial College LondonUnited Kingdom,15857,11.4,55%,37 : 63
8,9,The University of ChicagoUnited States,13525,6.2,25%,44 : 56
9,=10,ETH ZurichSwitzerland,19233,14.6,38%,31 : 69
10,=10,University of PennsylvaniaUnited States,20361,6.5,20%,50 : 50
11,12,Yale UniversityUnited States,12155,4.3,21%,49 : 51
12,13,Johns Hopkins UniversityUnited States,15498,4.3,24%,52 : 48
13,14,Columbia UniversityUnited States,26587,6.1,32%,
14,15,"University of California, Los AngelesUnited States",39279,9.6,17%,53 : 47
15,16,UCLUnited Kingdom,30304,10.5,49%,56 : 44
16,17,Duke UniversityUnited States,15256,4.5,22%,49 : 51
17,18,"University of California, BerkeleyUnited States",36182,13.1,17%,52 : 48
18,19,Cornell UniversityUnited States,21850,9.8,24%,49 : 51
19,20,Northwestern UniversityUnited States,17466,12.8,18%,48 : 52
20,21,University of Michigan-Ann ArborUnited States,41818,8.6,16%,48 : 52
21,=22,National University of SingaporeSingaporeExplore,30602,17.0,30%,51 : 49
22,=22,University of TorontoCanadaExplore,69427,18.7,17%,
23,24,Carnegie Mellon UniversityUnited States,12676,13.5,45%,39 : 61
24,=25,London School of Economics and Political ScienceUnited Kingdom,10065,12.2,71%,52 : 48
25,=25,University of WashingtonUnited States,44945,11.4,16%,52 : 48
26,=27,University of EdinburghUnited Kingdom,26759,12.5,40%,59 : 41
27,=27,New York UniversityUnited States,43860,9.6,26%,56 : 44
28,=27,Peking UniversityChinaExplore,42136,8.9,16%,47 : 53
29,30,Tsinghua UniversityChinaExplore,42089,13.7,9%,32 : 68
30,31,"University of California, San DiegoUnited States",29633,12.8,17%,46 : 54
31,32,University of MelbourneAustralia,42116,26.6,40%,55 : 45
32,33,Georgia Institute of TechnologyUnited States,20773,20.7,27%,31 : 69
33,=34,University of British ColumbiaCanada,51889,18.1,29%,54 : 46
34,=34,LMU MunichGermanyExplore,36091,15.6,15%,61 : 39
35,36,King’s College LondonUnited Kingdom,23207,12.0,41%,62 : 38
36,37,University of Illinois at Urbana-ChampaignUnited States,43402,22.8,23%,46 : 54
37,=38,École Polytechnique Fédérale de LausanneSwitzerland,9928,11.2,55%,28 : 72
38,=38,Karolinska InstituteSweden,7424,10.9,19%,68 : 32
39,40,University of Hong KongHong Kong,18364,18.0,42%,54 : 46
40,41,Technical University of MunichGermany,38689,54.4,23%,34 : 66
41,42,McGill UniversityCanada,30940,13.3,26%,57 : 43
42,43,University of Wisconsin-MadisonUnited States,38960,10.7,12%,51 : 49
43,44,The Hong Kong University of Science and TechnologyHong KongExplore,10214,23.1,31%,
44,45,Heidelberg UniversityGermany,28876,23.2,17%,55 : 45
45,46,The University of TokyoJapan,26000,6.7,10%,
46,47,KU LeuvenBelgiumExplore,44412,37.1,15%,50 : 50
47,48,Australian National UniversityAustralia,15986,19.3,35%,52 : 48
48,49,University of Texas at AustinUnited States,48561,17.1,10%,51 : 49
49,=50,Brown UniversityUnited States,8898,10.7,20%,
50,=50,Washington University in St LouisUnited States,12600,7.5,17%,
51,52,"Nanyang Technological University, SingaporeSingapore",25499,16.3,31%,48 : 52
52,53,"University of California, Santa BarbaraUnited States",23054,28.1,14%,52 : 48
53,=54,"University of California, DavisUnited States",37365,13.8,10%,56 : 44
54,=54,University of ManchesterUnited KingdomExplore,35318,14.6,38%,52 : 48
55,=56,University of MinnesotaUnited States,60949,17.4,11%,51 : 49
56,=56,University of North Carolina at Chapel HillUnited States,34684,9.7,8%,56 : 44
57,58,Chinese University of Hong KongHong KongExplore,18072,17.3,31%,
58,59,University of AmsterdamNetherlandsExplore,23495,12.3,12%,57 : 43
59,60,Purdue University West LafayetteUnited States,38770,17.4,23%,42 : 58
60,61,University of SydneyAustralia,44553,21.6,32%,57 : 43
61,62,Humboldt University of BerlinGermany,32172,56.5,17%,
62,63,Delft University of TechnologyNetherlands,17057,19.6,27%,28 : 72
63,64,Wageningen University & ResearchNetherlands,12326,19.7,29%,55 : 45
64,65,The University of QueenslandAustraliaExplore,38968,35.7,26%,55 : 45
65,66,University of Southern CaliforniaUnited States,38380,12.8,23%,53 : 47
66,67,Leiden UniversityNetherlandsExplore,24825,18.2,12%,57 : 43
67,68,Utrecht UniversityNetherlandsExplore,31522,15.2,7%,59 : 41
68,69,"University of Maryland, College ParkUnited States",31772,16.5,10%,48 : 52
69,=70,Boston UniversityUnited States,24833,8.6,25%,60 : 40
70,=70,Ohio State University (Main campus)United States,53190,12.7,13%,49 : 51
71,=72,Erasmus University RotterdamNetherlandsExplore,22047,20.1,20%,49 : 51
72,=72,Paris Sciences et Lettres – PSL Research University ParisFrance,19978,10.1,25%,
73,=74,Kyoto UniversityJapan,22481,8.7,8%,24 : 76
74,=74,Seoul National UniversitySouth Korea,26470,12.6,11%,
75,76,University of BristolUnited Kingdom,19995,13.7,27%,53 : 47
76,77,Penn State (Main campus)United States,45411,15.2,14%,46 : 54
77,78,McMaster UniversityCanadaExplore,23693,24.7,15%,52 : 48
78,79,RWTH Aachen UniversityGermany,43721,57.7,18%,32 : 68
79,=80,University of GlasgowUnited KingdomExplore,23389,15.4,36%,58 : 42
80,=80,Monash UniversityAustralia,46846,33.7,28%,57 : 43
81,82,University of FreiburgGermany,20871,40.3,19%,57 : 43
82,=83,University of GroningenNetherlandsExplore,26197,24.1,17%,52 : 48
83,=83,Michigan State UniversityUnited States,44556,17.0,17%,51 : 49
84,85,UNSW SydneyAustraliaExplore,40133,26.7,34%,46 : 54
85,=86,Rice UniversityUnited States,6441,9.0,28%,43 : 57
86,=86,Uppsala UniversitySweden,25174,17.3,11%,57 : 43
87,88,Free University of BerlinGermany,34114,57.0,21%,59 : 41
88,89,Dartmouth CollegeUnited States,6100,6.6,15%,47 : 53
89,90,University of HelsinkiFinland,22532,16.2,6%,65 : 35
90,91,University of WarwickUnited Kingdom,18424,13.0,39%,48 : 52
91,92,Technical University of BerlinGermany,22390,64.3,20%,34 : 66
92,93,Lund UniversitySweden,28663,12.1,16%,55 : 45
93,94,University of TübingenGermany,27844,38.5,13%,59 : 41
94,=95,University of BaselSwitzerland,12729,17.7,27%,55 : 45
95,=95,Korea Advanced Institute of Science and Technology (KAIST)South Korea,9464,10.6,9%,20 : 80
96,97,Durham UniversityUnited Kingdom,16310,14.9,29%,54 : 46
97,98,Emory UniversityUnited States,12649,4.4,19%,57 : 43
98,99,"University of California, IrvineUnited States",30419,17.0,21%,52 : 48
99,=100,University of BonnGermany,35619,77.9,13%,55 : 45
100,=100,University of Colorado BoulderUnited States,30780,16.3,10%,44 : 56
101,=100,University of Pittsburgh-Pittsburgh campusUnited States,26367,5.9,10%,52 : 48
102,103,Maastricht UniversityNetherlands,16727,18.0,50%,58 : 42
103,104,University of SheffieldUnited Kingdom,24581,14.9,36%,50 : 50
104,=105,University of BernSwitzerland,10449,16.5,15%,56 : 44
105,=105,Vanderbilt UniversityUnited States,12011,3.3,13%,53 : 47
106,107,Ghent UniversityBelgium,35909,35.9,10%,53 : 47
107,108,University of MontrealCanadaExplore,41017,21.9,22%,55 : 45
108,=109,Aarhus UniversityDenmark,25167,14.3,12%,54 : 46
109,=109,University of CopenhagenDenmark,30395,4.1,14%,58 : 42
110,=111,Sungkyunkwan University (SKKU)South KoreaExplore,24055,19.6,12%,42 : 58
111,=111,The University of Western AustraliaAustralia,18787,21.8,25%,49 : 51
112,=113,University of GöttingenGermany,28554,27.9,12%,50 : 50
113,=113,University of Virginia (Main campus)United States,24055,9.7,12%,52 : 48
114,115,École PolytechniqueFranceExplore,2799,5.1,36%,21 : 79
115,116,Fudan UniversityChina,32859,12.1,10%,51 : 49
116,=117,Indiana UniversityUnited States,66835,14.1,15%,52 : 48
117,=117,Trinity College DublinIrelandExplore,16157,22.8,27%,58 : 42
118,=119,University of AlbertaCanada,32435,21.6,26%,55 : 45
119,=119,City University of Hong KongHong KongExplore,9240,11.2,35%,54 : 46
120,121,Queen Mary University of LondonUnited Kingdom,15405,13.3,45%,54 : 46
121,122,Radboud University NijmegenNetherlandsExplore,19358,19.1,12%,56 : 44
122,=123,Georgetown UniversityUnited States,15956,8.6,17%,54 : 46
123,=123,Pierre and Marie Curie UniversityFrance,25117,12.3,20%,49 : 51
124,125,University of MannheimGermany,10995,74.5,16%,54 : 46
125,=126,Arizona State University (Tempe)United StatesExplore,44475,20.1,19%,43 : 57
126,=126,Charité - Universitätsmedizin BerlinGermany,6792,16.2,18%,63 : 37
127,=126,University of SouthamptonUnited Kingdom,21670,12.5,33%,53 : 47
128,129,Université Catholique de LouvainBelgium,24451,37.8,19%,54 : 46
129,=130,University of ExeterUnited KingdomExplore,19159,17.5,28%,55 : 45
130,=130,University of GenevaSwitzerland,16085,15.1,40%,61 : 39
131,132,University of Science and Technology of ChinaChinaExplore,16032,8.2,3%,
132,133,Karlsruhe Institute of TechnologyGermany,25824,26.3,18%,27 : 73
133,=134,University of AdelaideAustralia,21241,34.3,26%,48 : 52
134,=134,Stockholm UniversitySweden,33156,24.9,8%,
135,136,University of ZurichSwitzerland,26363,5.9,20%,57 : 43
136,=137,Pohang University of Science and Technology (POSTECH)South KoreaExplore,3046,10.4,4%,22 : 78
137,=137,University of YorkUnited Kingdom,14962,15.1,27%,55 : 45
138,139,University of LeedsUnited Kingdom,27995,14.7,26%,60 : 40
139,140,Pompeu Fabra UniversitySpain,11172,20.8,12%,59 : 41
140,=141,University of BirminghamUnited Kingdom,27061,15.0,27%,54 : 46
141,=141,Eindhoven University of TechnologyNetherlands,7637,18.6,17%,28 : 72
142,=143,University of FloridaUnited States,46346,17.5,9%,54 : 46
143,=143,University of St AndrewsUnited Kingdom,9005,13.0,48%,58 : 42
144,145,University of CologneGermany,45087,50.9,10%,65 : 35
145,146,University of OsloNorway,27730,18.6,19%,60 : 40
146,=147,Autonomous University of BarcelonaSpainExplore,32309,12.9,16%,59 : 41
147,=147,University of NottinghamUnited Kingdom,29176,14.0,30%,54 : 46
148,=147,University of SussexUnited Kingdom,12384,15.4,38%,55 : 45
149,=150,Lancaster UniversityUnited Kingdom,11637,13.1,38%,51 : 49
150,=150,University of Notre DameUnited States,11912,13.4,11%,45 : 55
151,152,University of LausanneSwitzerland,13065,13.6,25%,
152,=153,University of RochesterUnited States,9636,4.3,29%,49 : 51
153,=153,Technical University of DenmarkDenmark,8548,6.0,24%,29 : 71
154,=155,Sant’Anna School of Advanced Studies – PisaItaly,690,11.7,14%,37 : 63
155,=155,TU DresdenGermany,34514,35.9,13%,42 : 58
156,=155,Ulm UniversityGermany,10657,28.4,13%,48 : 52
157,158,Case Western Reserve UniversityUnited States,10130,7.1,19%,49 : 51
158,=159,University of LeicesterUnited Kingdom,14635,14.1,38%,54 : 46
159,=159,Texas A&M UniversityUnited States,56245,23.6,9%,48 : 52
160,161,University of ArizonaUnited States,38334,13.0,9%,52 : 48
161,=162,"University of California, Santa CruzUnited States",17866,23.0,4%,52 : 48
162,=162,Cardiff UniversityUnited KingdomExplore,24186,13.5,26%,58 : 42
163,=162,University of Erlangen-NurembergGermany,38730,58.5,12%,49 : 51
164,=165,University of ViennaAustria,35375,20.8,26%,66 : 34
165,=165,Vrije Universiteit AmsterdamNetherlands,24554,18.1,7%,56 : 44
166,=165,University of WürzburgGermany,22537,33.9,9%,57 : 43
167,168,University of Alabama at BirminghamUnited States,15703,15.2,6%,61 : 39
168,=169,Nanjing UniversityChina,33456,14.2,10%,50 : 50
169,=169,Tufts UniversityUnited States,10463,9.3,16%,54 : 46
170,171,University of Cape TownSouth AfricaExplore,20775,11.7,18%,53 : 47
171,172,Rutgers University – New BrunswickUnited States,43439,11.1,10%,52 : 48
172,=173,KTH Royal Institute of TechnologySweden,12951,16.0,17%,33 : 67
173,=173,University of MünsterGermany,42287,42.6,7%,53 : 47
174,=175,Université Libre de BruxellesBelgium,25343,43.4,35%,55 : 45
175,=175,Newcastle UniversityUnited KingdomExplore,20952,15.6,30%,49 : 51
176,=177,University of LiverpoolUnited Kingdom,19815,11.7,35%,54 : 46
177,=177,Zhejiang UniversityChinaExplore,50051,14.1,6%,22 : 78
178,=179,University of LuxembourgLuxembourg,4969,14.6,57%,50 : 50
179,=179,University of TwenteNetherlands,6697,12.8,27%,37 : 63
180,181,Paris-Sud UniversityFrance,27221,14.5,16%,55 : 45
181,=182,École Normale Supérieure de LyonFrance,2221,8.5,13%,47 : 53
182,=182,Hong Kong Polytechnic UniversityHong KongExplore,21773,26.9,25%,51 : 49
183,184,Scuola Normale Superiore di PisaItaly,515,5.2,7%,30 : 70
184,185,University of AberdeenUnited Kingdom,12055,13.9,36%,55 : 45
185,186,University of MiamiUnited States,15860,5.9,16%,51 : 49
186,187,University of DundeeUnited KingdomExplore,10893,14.9,24%,62 : 38
187,=188,University of East AngliaUnited KingdomExplore,13521,13.6,30%,60 : 40
188,=188,Shanghai Jiao Tong UniversityChinaExplore,37288,12.4,6%,41 : 59
189,190,Aalto UniversityFinland,12744,20.2,20%,34 : 66
190,191,University of MassachusettsUnited States,59230,13.3,14%,49 : 51
191,192,University of AucklandNew ZealandExplore,30348,18.8,29%,54 : 46
192,193,"Northeastern University, USUnited States",18780,14.0,32%,49 : 51
193,194,Lomonosov Moscow State UniversityRussian Federation,29236,7.3,22%,48 : 52
194,195,Tilburg UniversityNetherlands,7738,22.5,13%,48 : 52
195,196,Paris-Sorbonne University – Paris 4France,22042,30.2,15%,68 : 32
196,197,"Royal Holloway, University of LondonUnited Kingdom",8931,15.4,40%,59 : 41
197,=198,"University of California, RiversideUnited States",20740,20.7,14%,51 : 49
198,=198,University of GothenburgSweden,18378,10.0,13%,
199,=198,National Taiwan University (NTU)TaiwanExplore,31758,11.5,8%,40 : 60
200,201–250,Aalborg UniversityDenmarkExplore,15512,13.6,13%,49 : 51
201,201–250,University of AntwerpBelgium,16056,35.2,16%,53 : 47
202,201–250,University of BarcelonaSpainExplore,47458,12.4,10%,61 : 39
203,201–250,University of BergenNorway,12554,12.0,13%,60 : 40
204,201–250,University of BolognaItalyExplore,62296,22.2,10%,
205,201–250,Brandeis UniversityUnited States,5620,12.9,25%,55 : 45
206,201–250,University of CalgaryCanada,27084,15.7,19%,
207,201–250,Chalmers University of TechnologySweden,9112,11.4,16%,31 : 69
208,201–250,University of Cincinnati – UptownUnited States,28035,20.7,9%,52 : 48
209,201–250,Copenhagen Business SchoolDenmark,19079,44.3,23%,49 : 51
210,201–250,University of DelawareUnited States,20125,16.8,10%,57 : 43
211,201–250,University of Duisburg-EssenGermanyExplore,41916,53.8,13%,48 : 52
212,201–250,Florida State UniversityUnited States,38386,26.3,7%,55 : 45
213,201–250,University of FribourgSwitzerland,10769,45.4,18%,58 : 42
214,201–250,George Washington UniversityUnited States,22015,12.9,16%,58 : 42
215,201–250,University of HamburgGermany,38182,48.4,12%,56 : 44
216,201–250,University of Hawai’i at MānoaUnited States,16256,11.0,13%,56 : 44
217,201–250,Hebrew University of JerusalemIsrael,17454,11.2,5%,55 : 45
218,201–250,University of IcelandIceland,8693,15.3,10%,66 : 34
219,201–250,University of IowaUnited States,27310,12.4,13%,52 : 48
220,201–250,James Cook UniversityAustralia,11867,22.5,12%,62 : 38
221,201–250,University of KielGermany,25392,23.4,8%,53 : 47
222,201–250,King Abdulaziz UniversitySaudi ArabiaExplore,31554,8.1,21%,54 : 46
223,201–250,University of KonstanzGermany,11381,48.2,12%,54 : 46
224,201–250,Korea UniversitySouth KoreaExplore,23037,15.6,19%,46 : 54
225,201–250,University of Galway – Ollscoil na GaillimheIreland,13898,26.6,18%,57 : 43
226,201–250,Osaka UniversityJapan,23256,9.5,10%,31 : 69
227,201–250,University of OtagoNew Zealand,18157,19.9,20%,57 : 43
228,201–250,University of OttawaCanadaExplore,35177,25.6,17%,59 : 41
229,201–250,Paris Diderot University – Paris 7France,27992,14.9,17%,63 : 37
230,201–250,University of PassauGermany,11804,74.8,9%,61 : 39
231,201–250,University of PotsdamGermany,20066,59.1,10%,58 : 42
232,201–250,Queen’s University BelfastUnited KingdomExplore,17947,16.6,32%,55 : 45
233,201–250,Queensland University of TechnologyAustraliaExplore,35211,37.0,17%,54 : 46
234,201–250,RCSI University of Medicine and Health SciencesIrelandExplore,2136,17.6,64%,
235,201–250,University of ReadingUnited Kingdom,12874,14.7,33%,56 : 44
236,201–250,Ruhr University BochumGermany,43004,61.1,13%,49 : 51
237,201–250,"St George’s, University of LondonUnited Kingdom",3174,14.9,17%,62 : 38
238,201–250,University of South AustraliaAustralia,17575,25.8,41%,62 : 38
239,201–250,University of StuttgartGermany,26059,53.2,18%,31 : 69
240,201–250,University of TampereFinland,9360,22.2,3%,66 : 34
241,201–250,Technical University of DarmstadtGermany,17776,44.5,16%,30 : 70
242,201–250,University of Technology SydneyAustraliaExplore,25256,43.6,37%,53 : 47
243,201–250,Tel Aviv UniversityIsrael,22973,23.1,4%,54 : 46
244,201–250,University of Texas at DallasUnited States,22967,25.4,25%,43 : 57
245,201–250,Tohoku UniversityJapan,17494,5.5,10%,26 : 74
246,201–250,Ulsan National Institute of Science and Technology (UNIST)South KoreaExplore,4046,14.3,7%,28 : 72
247,201–250,University College DublinIreland,21605,23.0,26%,
248,201–250,University of UtahUnited States,30040,14.5,10%,45 : 55
249,201–250,Vita-Salute San Raffaele UniversityItaly,2598,7.1,5%,58 : 42
250,201–250,University of WaterlooCanadaExplore,32000,26.1,17%,46 : 54
251,201–250,Western UniversityCanada,28996,22.0,17%,55 : 45
252,201–250,Yonsei University (Seoul campus)South KoreaExplore,18038,14.7,21%,45 : 55
253,251–300,Aix-Marseille UniversityFrance,66623,16.8,12%,58 : 42
254,251–300,University of BathUnited Kingdom,12513,16.3,32%,45 : 55
255,251–300,University of BayreuthGermany,12917,37.9,8%,45 : 55
256,251–300,Bielefeld UniversityGermany,23683,66.8,8%,57 : 43
257,251–300,University of BremenGermany,19040,34.2,11%,50 : 50
258,251–300,University at BuffaloUnited States,25247,17.7,18%,45 : 55
259,251–300,Clark UniversityUnited States,3316,11.7,26%,60 : 40
260,251–300,University of Colorado Denver/Anschutz Medical CampusUnited States,15491,5.0,8%,55 : 45
261,251–300,Colorado School of MinesUnited States,5557,17.6,11%,28 : 72
262,251–300,Dalhousie UniversityCanadaExplore,15201,14.9,20%,55 : 45
263,251–300,École des Ponts ParisTechFrance,1749,12.3,41%,30 : 70
264,251–300,University of EssexUnited Kingdom,10986,16.5,43%,55 : 45
265,251–300,Goethe University FrankfurtGermany,45387,13.3,15%,58 : 42
266,251–300,Griffith UniversityAustraliaExplore,31772,22.3,19%,56 : 44
267,251–300,University of HohenheimGermany,9557,42.9,13%,56 : 44
268,251–300,University of Illinois at ChicagoUnited States,25450,11.4,19%,52 : 48
269,251–300,Indian Institute of ScienceIndia,3550,8.4,1%,21 : 79
270,251–300,University of InnsbruckAustria,14530,13.1,39%,54 : 46
271,251–300,Johannes Gutenberg University of MainzGermany,34219,32.1,10%,59 : 41
272,251–300,Université LavalCanadaExplore,29322,16.9,13%,57 : 43
273,251–300,Macquarie UniversityAustraliaExplore,27955,31.0,22%,54 : 46
274,251–300,University of MarburgGermany,26062,37.4,9%,56 : 44
275,251–300,Medical University of ViennaAustria,7209,2.7,28%,50 : 50
276,251–300,Moscow Institute of Physics and Technology (MIPT)Russian Federation,5761,8.7,12%,20 : 80
277,251–300,University of NewcastleAustralia,22921,22.0,17%,55 : 45
278,251–300,North Carolina State UniversityUnited States,30254,13.1,13%,45 : 55
279,251–300,Norwegian University of Science and TechnologyNorway,21571,16.9,11%,46 : 54
280,251–300,University of OregonUnited States,23728,18.6,14%,52 : 48
281,251–300,Oregon Health and Science UniversityUnited States,2895,1.0,2%,64 : 36
282,251–300,University of OuluFinlandExplore,10287,23.7,6%,50 : 50
283,251–300,Queen’s UniversityCanadaExplore,21227,22.7,12%,57 : 43
284,251–300,University of São PauloBrazil,82258,14.8,4%,48 : 52
285,251–300,Simon Fraser UniversityCanadaExplore,26309,27.6,29%,54 : 46
286,251–300,University of Southern DenmarkDenmark,25328,13.5,16%,53 : 47
287,251–300,University of South Florida (Tampa)United States,33053,19.6,12%,
288,251–300,Stony Brook UniversityUnited States,23136,10.4,24%,49 : 51
289,251–300,University of SurreyUnited Kingdom,11027,14.3,38%,53 : 47
290,251–300,Swansea UniversityUnited Kingdom,13896,16.1,24%,47 : 53
291,251–300,Swedish University of Agricultural SciencesSweden,3812,4.4,4%,69 : 31
292,251–300,Syracuse UniversityUnited States,20180,16.3,19%,54 : 46
293,251–300,Tokyo Institute of TechnologyJapan,9570,7.3,13%,14 : 86
294,251–300,University of TrentoItaly,17759,29.4,8%,51 : 49
295,251–300,Umeå UniversitySweden,16553,11.7,10%,60 : 40
296,251–300,Wake Forest UniversityUnited States,7579,4.1,6%,51 : 49
297,251–300,William & MaryUnited States,8044,11.8,9%,55 : 45
298,251–300,University of the WitwatersrandSouth AfricaExplore,25342,24.6,8%,56 : 44
299,251–300,University of WollongongAustraliaExplore,16947,27.0,24%,50 : 50
300,301–350,Aberystwyth UniversityUnited Kingdom,7920,18.4,18%,47 : 53
301,301–350,University of Alaska FairbanksUnited States,3769,8.3,6%,51 : 49
302,301–350,Anglia Ruskin University (ARU)United Kingdom,15197,21.7,25%,62 : 38
303,301–350,Babol Noshirvani University of TechnologyIran,4749,28.6,0%,32 : 68
304,301–350,Bangor UniversityUnited Kingdom,9327,18.4,25%,55 : 45
305,301–350,"Birkbeck, University of LondonUnited Kingdom",9014,16.8,39%,54 : 46
306,301–350,University of BordeauxFranceExplore,52526,21.0,12%,58 : 42
307,301–350,Boston CollegeUnited States,12943,16.1,12%,55 : 45
308,301–350,Brighton and Sussex Medical SchoolUnited Kingdom,761,12.1,16%,59 : 41
309,301–350,Charles Darwin UniversityAustralia,6551,22.4,32%,63 : 37
310,301–350,University of ConnecticutUnited States,26669,12.7,12%,51 : 49
311,301–350,Deakin UniversityAustralia,36768,32.9,17%,58 : 42
312,301–350,University of DenverUnited States,9671,13.2,11%,56 : 44
313,301–350,University of Eastern FinlandFinland,11459,18.3,6%,63 : 37
314,301–350,Flinders UniversityAustraliaExplore,16757,23.9,18%,63 : 37
315,301–350,Free University of Bozen-BolzanoItaly,3304,11.6,12%,33 : 67
316,301–350,George Mason UniversityUnited States,27749,17.5,8%,54 : 46
317,301–350,"Goldsmiths, University of LondonUnited Kingdom",7416,13.9,37%,66 : 34
318,301–350,Grenoble Alpes UniversityFrance,39298,17.0,15%,57 : 43
319,301–350,University of HoustonUnited States,41128,42.9,10%,50 : 50
320,301–350,Iowa State UniversityUnited States,31307,18.8,12%,45 : 55
321,301–350,University of KentUnited Kingdom,16949,12.7,31%,53 : 47
322,301–350,Khalifa UniversityUnited Arab EmiratesExplore,3134,8.3,32%,46 : 54
323,301–350,Koç UniversityTurkey,5172,14.9,10%,52 : 48
324,301–350,University of LiègeBelgium,21910,27.1,23%,56 : 44
325,301–350,Loughborough UniversityUnited Kingdom,13457,14.9,22%,39 : 61
326,301–350,Medical University of GrazAustria,3323,6.9,23%,53 : 47
327,301–350,University of MilanItaly,56805,28.1,5%,59 : 41
328,301–350,Nagoya UniversityJapan,15594,7.9,10%,29 : 71
329,301–350,National Tsing Hua UniversityTaiwan,10194,13.8,5%,33 : 67
330,301–350,University of NavarraSpain,10827,14.9,19%,53 : 47
331,301–350,University of Nebraska-LincolnUnited States,22578,16.3,12%,47 : 53
332,301–350,Oregon State UniversityUnited States,23668,16.2,10%,47 : 53
333,301–350,Politecnico di MilanoItalyExplore,33189,23.8,14%,34 : 66
334,301–350,Rensselaer Polytechnic InstituteUnited States,7240,15.7,17%,32 : 68
335,301–350,Rush UniversityUnited States,2437,2.1,3%,73 : 27
336,301–350,Sapienza University of RomeItaly,111453,32.1,7%,58 : 42
337,301–350,University of StirlingUnited KingdomExplore,8507,15.1,21%,62 : 38
338,301–350,University of TartuEstonia,8835,11.6,5%,66 : 34
339,301–350,University of TasmaniaAustralia,11346,14.5,22%,60 : 40
340,301–350,Technion Israel Institute of TechnologyIsrael,14693,21.7,5%,34 : 66
341,301–350,The University of Tennessee-KnoxvilleUnited States,25264,16.4,5%,
342,301–350,Tomsk Polytechnic UniversityRussian Federation,9858,8.2,24%,36 : 64
343,301–350,TU Dortmund UniversityGermany,32870,99.6,10%,45 : 55
344,301–350,TU WienAustria,17931,36.5,28%,29 : 71
345,301–350,Victoria UniversityAustralia,14795,31.4,20%,54 : 46
346,301–350,University of VictoriaCanada,18388,22.8,15%,57 : 43
347,301–350,Virginia Polytechnic Institute and State UniversityUnited StatesExplore,30975,18.2,11%,43 : 57
348,301–350,Vrije Universiteit BrusselBelgium,12785,22.2,21%,53 : 47
349,301–350,Washington State UniversityUnited States,27135,19.7,7%,52 : 48
350,351–400,The University of AlabamaUnited States,33679,22.2,5%,54 : 46
351,351–400,American UniversityUnited States,11534,11.7,13%,64 : 36
352,351–400,Aston UniversityUnited Kingdom,8989,20.0,31%,49 : 51
353,351–400,Autonomous University of MadridSpain,29305,13.4,13%,60 : 40
354,351–400,Brunel University LondonUnited Kingdom,11359,16.0,41%,46 : 54
355,351–400,University of CanberraAustralia,11438,30.3,28%,52 : 48
356,351–400,University of CanterburyNew ZealandExplore,11931,16.8,21%,50 : 50
357,351–400,"City, University of LondonUnited Kingdom",13460,17.2,53%,56 : 44
358,351–400,"Colorado State University, Fort CollinsUnited States",23921,15.9,6%,53 : 47
359,351–400,University of Côte d’AzurFrance,33839,21.8,23%,55 : 45
360,351–400,University of CreteGreece,14522,26.2,4%,62 : 38
361,351–400,Curtin UniversityAustraliaExplore,31483,18.5,37%,52 : 48
362,351–400,Cyprus University of TechnologyCyprus,3072,18.7,8%,57 : 43
363,351–400,Drexel UniversityUnited States,20714,10.9,18%,49 : 51
364,351–400,Federal University of Toulouse Midi-PyrénéesFrance,98538,24.6,17%,53 : 47
365,351–400,University of GeorgiaUnited States,33842,16.3,7%,58 : 42
366,351–400,Georgia State UniversityUnited States,28593,18.9,6%,69 : 31
367,351–400,Gwangju Institute of Science and Technology (GIST)South Korea,1731,11.5,6%,25 : 75
368,351–400,Hanyang UniversitySouth KoreaExplore,20879,14.6,17%,
369,351–400,Heriot-Watt UniversityUnited KingdomExplore,9259,16.4,41%,42 : 58
370,351–400,HSE UniversityRussian Federation,17241,9.5,7%,
371,351–400,Indian Institute of Technology BombayIndia,9870,17.9,1%,17 : 83
372,351–400,Justus Liebig University GiessenGermany,28201,47.3,9%,61 : 39
373,351–400,University of KansasUnited States,24515,7.2,9%,51 : 49
374,351–400,Kyushu UniversityJapan,18696,7.6,12%,29 : 71
375,351–400,La Trobe UniversityAustralia,20343,34.5,26%,63 : 37
376,351–400,Leibniz University HannoverGermany,25162,65.3,12%,41 : 59
377,351–400,Linköping UniversitySweden,18740,8.1,11%,53 : 47
378,351–400,University of MacauMacaoExplore,9230,14.5,33%,58 : 42
379,351–400,University of MalayaMalaysia,21990,10.9,18%,66 : 34
380,351–400,Montpellier UniversityFrance,39828,19.9,14%,53 : 47
381,351–400,Örebro UniversitySweden,8800,16.4,2%,61 : 39
382,351–400,University of PaduaItaly,62218,30.8,4%,55 : 45
383,351–400,University of PaviaItaly,23632,37.2,7%,56 : 44
384,351–400,University of PisaItaly,50810,28.9,4%,52 : 48
385,351–400,Royal Veterinary CollegeUnited Kingdom,1856,10.1,18%,75 : 25
386,351–400,Sabancı UniversityTurkeyExplore,3247,20.0,9%,41 : 59
387,351–400,University of SalernoItaly,37230,51.4,1%,60 : 40
388,351–400,University of South Carolina-ColumbiaUnited States,30869,18.2,5%,55 : 45
389,351–400,Stellenbosch UniversitySouth AfricaExplore,23207,26.1,8%,54 : 46
390,351–400,University of StrasbourgFrance,41399,16.5,19%,58 : 42
391,351–400,Sun Yat-sen UniversityChinaExplore,51089,16.3,9%,51 : 49
392,351–400,Temple UniversityUnited States,33958,11.5,8%,52 : 48
393,351–400,University of TriesteItaly,17054,24.8,8%,56 : 44
394,351–400,Tulane UniversityUnited States,11193,11.0,11%,56 : 44
395,351–400,University of TurkuFinland,12263,15.7,5%,62 : 38
396,351–400,University College CorkIreland,15890,21.8,17%,56 : 44
397,351–400,University of VermontUnited States,10992,8.9,3%,56 : 44
398,351–400,Université de Versailles Saint-Quentin-en-YvelinesFrance,17323,22.4,14%,59 : 41
399,351–400,University of WaikatoNew Zealand,10019,17.0,27%,56 : 44
400,351–400,Wayne State UniversityUnited States,22215,10.8,9%,56 : 44
401,351–400,York UniversityCanadaExplore,46146,40.8,23%,58 : 42
402,401–500,Auckland University of TechnologyNew ZealandExplore,17861,15.8,42%,59 : 41
403,401–500,University of Bari Aldo MoroItaly,47856,60.5,2%,63 : 37
404,401–500,Bar-Ilan UniversityIsrael,16412,17.5,5%,61 : 39
405,401–500,University of BergamoItaly,16769,55.5,6%,63 : 37
406,401–500,Bilkent UniversityTurkey,10007,14.4,5%,45 : 55
407,401–500,Boğaziçi UniversityTurkey,11967,26.8,8%,49 : 51
408,401–500,University of BresciaItaly,14542,26.4,7%,46 : 54
409,401–500,University of CalabriaItaly,28313,35.1,3%,58 : 42
410,401–500,University of CampinasBrazil,26811,14.3,4%,47 : 53
411,401–500,CentraleSupélecFrance,4226,11.6,33%,22 : 78
412,401–500,Charles University in PragueCzech Republic,50495,13.1,16%,61 : 39
413,401–500,Chung-Ang UniversitySouth Korea,11381,16.1,28%,48 : 52
414,401–500,Claude Bernard University Lyon 1France,27067,13.0,12%,54 : 46
415,401–500,University of CyprusCyprusExplore,6989,23.1,9%,68 : 32
416,401–500,Dublin City UniversityIreland,9180,25.5,17%,52 : 48
417,401–500,University of FlorenceItaly,53112,15.7,7%,60 : 40
418,401–500,Florida International UniversityUnited StatesExplore,32838,24.4,8%,56 : 44
419,401–500,University of GenoaItaly,35711,27.1,9%,56 : 44
420,401–500,University of GrazAustria,21053,22.9,13%,64 : 36
421,401–500,Graz University of TechnologyAustria,6395,10.2,17%,23 : 77
422,401–500,University of GreifswaldGermany,10857,20.8,6%,56 : 44
423,401–500,Hamburg University of TechnologyGermany,7391,55.1,19%,26 : 74
424,401–500,Hasselt UniversityBelgium,5045,19.0,12%,47 : 53
425,401–500,Hofstra UniversityUnited States,10001,13.9,10%,56 : 44
426,401–500,Hokkaido UniversityJapan,18038,8.0,9%,30 : 70
427,401–500,Hong Kong Baptist UniversityHong KongExplore,11467,11.4,30%,61 : 39
428,401–500,Huazhong University of Science and TechnologyChinaExplore,56140,16.7,5%,35 : 65
429,401–500,University of HullUnited Kingdom,13482,16.6,19%,53 : 47
430,401–500,Jordan University of Science and TechnologyJordan,23103,12.6,20%,57 : 43
431,401–500,University of JyväskyläFinland,10020,15.8,5%,61 : 39
432,401–500,University of KaiserslauternGermany,14493,52.5,16%,37 : 63
433,401–500,Kazan Federal UniversityRussian Federation,25916,10.8,9%,67 : 33
434,401–500,University of KwaZulu-NatalSouth AfricaExplore,32023,25.3,5%,59 : 41
435,401–500,Kyung Hee UniversitySouth KoreaExplore,23512,17.2,18%,44 : 56
436,401–500,University of LilleFrance,67978,28.1,12%,56 : 44
437,401–500,Louisiana State UniversityUnited States,29533,20.5,6%,52 : 48
438,401–500,Makerere UniversityUganda,36688,28.8,8%,52 : 48
439,401–500,University of ManitobaCanada,29017,28.0,15%,54 : 46
440,401–500,Marche Polytechnic UniversityItaly,16931,24.0,4%,45 : 55
441,401–500,"University of Maryland, Baltimore CountyUnited States",11781,18.8,8%,46 : 54
442,401–500,Massey UniversityNew Zealand,18688,15.7,29%,62 : 38
443,401–500,Maynooth UniversityIreland,8361,30.6,12%,55 : 45
444,401–500,Middlesex UniversityUnited Kingdom,14756,18.0,46%,60 : 40
445,401–500,University of Milan-BicoccaItaly,34245,48.4,7%,61 : 39
446,401–500,Mizzou - University of MissouriUnited States,30535,11.5,6%,53 : 47
447,401–500,University of Modena and Reggio EmiliaItaly,20737,27.8,6%,53 : 47
448,401–500,University of MontanaUnited States,9573,16.6,3%,56 : 44
449,401–500,Murdoch UniversityAustraliaExplore,15526,30.7,48%,58 : 42
450,401–500,University of Naples Federico IIItaly,81056,55.9,0%,56 : 44
451,401–500,National Chiao Tung UniversityTaiwan,12639,17.7,7%,28 : 72
452,401–500,National Research Nuclear University MEPhIRussian Federation,7064,7.6,15%,31 : 69
453,401–500,National Taiwan University of Science and Technology (Taiwan Tech)TaiwanExplore,7981,18.7,13%,32 : 68
454,401–500,University of Nebraska Medical CenterUnited States,2856,2.4,9%,67 : 33
455,401–500,University of NeuchâtelSwitzerland,4216,8.8,23%,60 : 40
456,401–500,Northern Arizona UniversityUnited States,27227,26.8,5%,58 : 42
457,401–500,Norwegian University of Life SciencesNorway,5723,7.1,22%,58 : 42
458,401–500,Novosibirsk State UniversityRussian Federation,7242,6.5,18%,51 : 49
459,401–500,University of OklahomaUnited States,27333,10.6,7%,51 : 49
460,401–500,The Open UniversityUnited Kingdom,67357,33.0,8%,61 : 39
461,401–500,Oxford Brookes UniversityUnited Kingdom,13256,17.9,28%,58 : 42
462,401–500,University of ParmaItaly,24307,27.6,6%,56 : 44
463,401–500,University of PlymouthUnited Kingdom,18336,18.0,15%,52 : 48
464,401–500,Universitat Politècnica de CatalunyaSpain,21581,9.8,12%,27 : 73
465,401–500,Polytechnic University of TurinItaly,30903,29.7,14%,28 : 72
466,401–500,Qatar UniversityQatar,13342,17.6,42%,73 : 27
467,401–500,Quaid-i-Azam UniversityPakistan,13559,26.6,0%,57 : 43
468,401–500,Reykjavík UniversityIceland,3206,29.4,6%,59 : 41
469,401–500,RMIT UniversityAustralia,31465,17.2,25%,47 : 53
470,401–500,University of Rome II – Tor VergataItaly,32325,17.9,6%,51 : 49
471,401–500,University of Rome IIIItaly,34492,56.2,4%,59 : 41
472,401–500,Roskilde UniversityDenmark,6034,14.5,9%,62 : 38
473,401–500,Rovira i Virgili UniversitySpain,12604,12.6,10%,59 : 41
474,401–500,University of St GallenSwitzerland,7456,13.1,35%,33 : 67
475,401–500,Saint Louis UniversityUnited States,10976,6.8,7%,59 : 41
476,401–500,Saint Petersburg State UniversityRussian Federation,21433,5.8,10%,65 : 35
477,401–500,San Diego State UniversityUnited States,29136,30.7,7%,56 : 44
478,401–500,University of SaskatchewanCanada,16712,16.3,17%,56 : 44
479,401–500,Sciences PoFrance,9679,38.1,45%,59 : 41
480,401–500,Semmelweis UniversityHungaryExplore,10880,10.7,31%,68 : 32
481,401–500,University of SiegenGermany,19339,49.2,11%,49 : 51
482,401–500,University of SienaItaly,17928,14.0,6%,59 : 41
483,401–500,SOAS University of LondonUnited KingdomExplore,4854,11.5,56%,64 : 36
484,401–500,Southern Cross UniversityAustralia,8298,32.4,18%,65 : 35
485,401–500,University of StrathclydeUnited Kingdom,17496,21.5,27%,49 : 51
486,401–500,SUNY Binghamton UniversityUnited States,17238,23.7,15%,48 : 52
487,401–500,Swinburne University of TechnologyAustralia,13269,24.7,25%,39 : 61
488,401–500,The University of Texas at San AntonioUnited States,25945,25.8,6%,49 : 51
489,401–500,Tokyo Medical and Dental University (TMDU)Japan,2906,3.2,7%,50 : 50
490,401–500,Tongji UniversityChinaExplore,35810,12.9,11%,39 : 61
491,401–500,University of TsukubaJapan,16514,13.0,19%,39 : 61
492,401–500,The University of TulsaUnited States,4671,12.4,25%,43 : 57
493,401–500,University of TurinItaly,59116,31.4,7%,
494,401–500,UiT The Arctic University of NorwayNorway,12601,12.1,12%,61 : 39
495,401–500,University of Urbino Carlo BoItaly,11658,28.6,9%,59 : 41
496,401–500,Verona UniversityItaly,24582,20.6,6%,64 : 36
497,401–500,Victoria University of WellingtonNew ZealandExplore,17086,19.8,20%,56 : 44
498,401–500,Western Sydney UniversityAustralia,32744,34.0,13%,55 : 45
499,401–500,University of Wisconsin-MilwaukeeUnited States,21928,18.7,6%,52 : 48
500,401–500,Wuhan UniversityChinaExplore,50178,14.3,7%,
501,401–500,Xiamen UniversityChina,41430,15.0,4%,49 : 51
502,501–600,Alfaisal UniversitySaudi ArabiaExplore,1891,14.5,34%,56 : 44
503,501–600,American University of BeirutLebanon,8045,8.6,22%,51 : 49
504,501–600,Aristotle University of ThessalonikiGreece,45709,24.7,4%,57 : 43
505,501–600,University of ArkansasUnited States,24140,20.4,6%,52 : 48
506,501–600,Athens University of Economics and BusinessGreece,9674,42.2,7%,46 : 54
507,501–600,Australian Catholic UniversityAustralia,21846,30.7,9%,73 : 27
508,501–600,University of AveiroPortugalExplore,10105,17.1,10%,52 : 48
509,501–600,Blaise Pascal UniversityFrance,15538,15.2,13%,55 : 45
510,501–600,Bond UniversityAustralia,3215,13.9,39%,52 : 48
511,501–600,Université Bourgogne Franche-Comté (UBFC)France,56702,28.9,11%,53 : 47
512,501–600,Ca’ Foscari University of VeniceItaly,19353,40.7,8%,64 : 36
513,501–600,Carleton UniversityCanada,25973,30.1,20%,47 : 53
514,501–600,University of CataniaItaly,35168,22.8,1%,59 : 41
515,501–600,Catholic University of the Sacred HeartItaly,32844,11.4,8%,
516,501–600,Central China Normal UniversityChina,36706,23.1,7%,65 : 35
517,501–600,Central Queensland UniversityAustraliaExplore,13048,27.8,29%,56 : 44
518,501–600,"China Medical University, TaiwanTaiwan",7752,17.1,10%,53 : 47
519,501–600,University of CoimbraPortugal,21928,17.0,16%,57 : 43
520,501–600,Complutense University of MadridSpain,62392,20.1,13%,62 : 38
521,501–600,Concordia UniversityCanada,32331,31.1,28%,50 : 50
522,501–600,Creighton UniversityUnited States,8213,11.3,9%,58 : 42
523,501–600,Diego Portales UniversityChile,16348,14.4,2%,48 : 52
524,501–600,East China Normal UniversityChinaExplore,27189,12.6,13%,62 : 38
525,501–600,Edith Cowan UniversityAustraliaExplore,16315,35.5,23%,61 : 39
526,501–600,Ewha Womans UniversitySouth Korea,15044,14.4,11%,100 : 0
527,501–600,Universidade Federal de São Paulo (UNIFESP)Brazil,14475,9.3,1%,55 : 45
528,501–600,Federico Santa María Technical UniversityChileExplore,19265,30.3,2%,23 : 77
529,501–600,University of FerraraItaly,13902,8.3,7%,56 : 44
530,501–600,Fujita Health UniversityJapanExplore,2810,3.1,0%,55 : 45
531,501–600,University of GranadaSpain,59539,17.6,14%,58 : 42
532,501–600,Harbin Institute of TechnologyChina,29395,10.0,9%,31 : 69
533,501–600,University of HertfordshireUnited Kingdom,17330,17.3,28%,54 : 46
534,501–600,Indian Institute of Technology DelhiIndia,7284,13.3,1%,20 : 80
535,501–600,Indian Institute of Technology KanpurIndia,6472,15.2,1%,14 : 86
536,501–600,Indian Institute of Technology KharagpurIndia,11016,18.0,0%,16 : 84
537,501–600,Indian Institute of Technology RoorkeeIndia,8240,14.1,1%,16 : 84
538,501–600,University of IoanninaGreece,21672,41.6,4%,57 : 43
539,501–600,ITMO UniversityRussian Federation,10582,9.5,13%,37 : 63
540,501–600,Johannes Kepler University of LinzAustria,6449,11.0,10%,52 : 48
541,501–600,Keele UniversityUnited Kingdom,7986,13.9,23%,57 : 43
542,501–600,Kent State UniversityUnited States,23647,18.6,9%,59 : 41
543,501–600,King Fahd University of Petroleum and MineralsSaudi Arabia,6471,6.1,20%,0 : 100
544,501–600,King Saud UniversitySaudi Arabia,34489,9.3,10%,
545,501–600,Konkuk UniversitySouth Korea,15229,28.0,12%,55 : 45
546,501–600,Lappeenranta-Lahti University of Technology LUTFinlandExplore,3622,23.4,19%,30 : 70
547,501–600,Lehigh UniversityUnited States,6476,11.4,16%,45 : 55
548,501–600,University of LimerickIrelandExplore,13302,20.3,18%,48 : 52
549,501–600,Lincoln UniversityNew Zealand,2455,4.3,34%,48 : 52
550,501–600,University of LisbonPortugal,49682,18.6,10%,50 : 50
551,501–600,Liverpool John Moores UniversityUnited Kingdom,18268,18.2,13%,54 : 46
552,501–600,University of LorraineFrance,55606,18.4,15%,52 : 48
553,501–600,Mahidol UniversityThailandExplore,28996,10.5,3%,63 : 37
554,501–600,Masaryk UniversityCzech Republic,34756,22.4,20%,62 : 38
555,501–600,Memorial University of NewfoundlandCanadaExplore,15116,12.9,15%,57 : 43
556,501–600,Missouri University of Science and TechnologyUnited States,8146,23.7,17%,23 : 77
557,501–600,Montana State UniversityUnited States,14023,18.8,4%,46 : 54
558,501–600,Nantes UniversitéFrance,37231,24.7,10%,56 : 44
559,501–600,National and Kapodistrian University of AthensGreece,60850,32.9,9%,60 : 40
560,501–600,National Cheng Kung University (NCKU)TaiwanExplore,21337,14.4,11%,36 : 64
561,501–600,National Taiwan Normal UniversityTaiwanExplore,10718,12.9,26%,56 : 44
562,501–600,New Jersey Institute of TechnologyUnited States,11423,21.1,18%,24 : 76
563,501–600,Northumbria UniversityUnited Kingdom,22176,17.8,16%,54 : 46
564,501–600,NOVA University of LisbonPortugal,19495,19.1,14%,49 : 51
565,501–600,Oklahoma State UniversityUnited States,21677,22.1,6%,49 : 51
566,501–600,University of PalermoItaly,43249,27.8,1%,59 : 41
567,501–600,Panthéon-Sorbonne University – Paris 1France,40270,33.4,21%,60 : 40
568,501–600,Polytechnic University of ValenciaSpain,23471,10.0,11%,37 : 63
569,501–600,Pontificia Universidad Católica de ChileChile,27065,15.4,7%,
570,501–600,Pontifical Javeriana UniversityColombia,28108,17.0,1%,56 : 44
571,501–600,University of PortoPortugal,31743,18.8,11%,54 : 46
572,501–600,University of PortsmouthUnited Kingdom,19096,15.6,27%,45 : 55
573,501–600,Université du QuébecCanada,54033,20.1,10%,57 : 43
574,501–600,Renmin University of ChinaChina,25183,12.0,6%,
575,501–600,University of SalentoItaly,19025,37.8,1%,63 : 37
576,501–600,University of SassariItaly,12194,19.6,1%,64 : 36
577,501–600,Sejong UniversitySouth Korea,11884,16.3,6%,46 : 54
578,501–600,Shandong UniversityChina,45900,14.8,5%,
579,501–600,Université de SherbrookeCanada,14373,12.3,8%,57 : 43
580,501–600,"Soochow University, ChinaChinaExplore",45109,16.0,5%,54 : 46
581,501–600,South China University of TechnologyChina,42076,16.3,2%,35 : 65
582,501–600,University of South DakotaUnited States,15624,31.8,3%,61 : 39
583,501–600,Southeast UniversityChina,32464,11.7,5%,
584,501–600,University of SplitCroatia,20817,30.7,1%,
585,501–600,Stevens Institute of TechnologyUnited States,5636,16.2,35%,29 : 71
586,501–600,University of the Sunshine CoastAustraliaExplore,8202,28.3,16%,64 : 36
587,501–600,Tampere University of TechnologyFinland,5490,19.6,8%,23 : 77
588,501–600,University of Texas at ArlingtonUnited States,26325,25.3,14%,56 : 44
589,501–600,Texas Tech UniversityUnited States,32486,22.2,9%,46 : 54
590,501–600,Tianjin UniversityChinaExplore,30513,12.0,1%,
591,501–600,Tokyo Metropolitan UniversityJapanExplore,9263,10.0,4%,36 : 64
592,501–600,University of ToledoUnited States,18525,15.9,10%,50 : 50
593,501–600,Tomsk State UniversityRussian Federation,8022,8.3,22%,
594,501–600,Universiti Tunku Abdul Rahman (UTAR)Malaysia,18642,16.9,1%,52 : 48
595,501–600,University of UlsanSouth Korea,13689,12.6,3%,45 : 55
596,501–600,Ulster UniversityUnited Kingdom,18550,14.9,8%,55 : 45
597,501–600,United Arab Emirates UniversityUnited Arab EmiratesExplore,7492,9.2,26%,79 : 21
598,501–600,University of ValenciaSpain,48725,14.9,9%,60 : 40
599,501–600,University of WarsawPoland,50026,14.1,9%,66 : 34
600,501–600,University of the West of ScotlandUnited Kingdom,11160,20.0,13%,61 : 39
601,501–600,Xi’an Jiaotong UniversityChina,32199,10.7,4%,35 : 65
602,601–800,University of the AegeanGreece,12264,37.9,1%,59 : 41
603,601–800,AGH University of Science and TechnologyPoland,32930,14.9,2%,34 : 66
604,601–800,The University of AizuJapan,1228,11.5,3%,13 : 87
605,601–800,University of AlcaláSpain,18023,13.1,21%,55 : 45
606,601–800,University of AlgarvePortugal,7643,12.2,11%,57 : 43
607,601–800,Aligarh Muslim UniversityIndia,17732,14.6,2%,36 : 64
608,601–800,American University in CairoEgypt,6093,12.4,5%,54 : 46
609,601–800,American University of SharjahUnited Arab Emirates,5778,15.0,84%,49 : 51
610,601–800,Amirkabir University of TechnologyIran,12815,23.3,1%,34 : 66
611,601–800,"University of the Andes, ColombiaColombia",16664,15.3,2%,44 : 56
612,601–800,Atılım UniversityTurkeyExplore,7100,16.1,5%,43 : 57
613,601–800,Auburn UniversityUnited States,23186,18.2,5%,50 : 50
614,601–800,Babeş-Bolyai UniversityRomania,37961,24.3,2%,60 : 40
615,601–800,Banaras Hindu UniversityIndia,24399,18.8,2%,36 : 64
616,601–800,University of the Basque CountrySpain,44028,14.8,6%,52 : 48
617,601–800,Baylor UniversityUnited States,16736,17.0,5%,57 : 43
618,601–800,University of BedfordshireUnited Kingdom,11366,18.9,32%,59 : 41
619,601–800,Beihang UniversityChina,28884,14.4,6%,
620,601–800,Beijing Institute of TechnologyChina,28174,12.6,7%,34 : 66
621,601–800,University of Beira InteriorPortugal,6925,16.0,8%,52 : 48
622,601–800,Ben-Gurion University of the NegevIsrael,16568,20.4,3%,51 : 49
623,601–800,Beni-Suef UniversityEgypt,69962,32.5,1%,43 : 57
624,601–800,Bournemouth UniversityUnited Kingdom,12299,17.4,19%,56 : 44
625,601–800,University of BradfordUnited Kingdom,9636,17.0,30%,55 : 45
626,601–800,University of BrightonUnited Kingdom,16666,17.5,22%,57 : 43
627,601–800,University of CagliariItaly,29645,32.6,2%,60 : 40
628,601–800,Capital Medical UniversityChina,12488,6.9,4%,69 : 31
629,601–800,Carlos III University of MadridSpainExplore,16429,11.1,14%,43 : 57
630,601–800,University of Central LancashireUnited Kingdom,16500,15.5,18%,57 : 43
631,601–800,Central South UniversityChinaExplore,55707,17.1,1%,40 : 60
632,601–800,Chang Gung UniversityTaiwan,7540,12.5,2%,43 : 57
633,601–800,"University of Chemistry and Technology, PragueCzech Republic",4210,10.0,20%,62 : 38
634,601–800,Chiba UniversityJapan,14002,10.1,5%,37 : 63
635,601–800,University of ChileChile,38848,17.2,5%,47 : 53
636,601–800,China Agricultural UniversityChina,18725,11.3,2%,58 : 42
637,601–800,"China University of Geosciences, BeijingChina",17840,17.5,1%,33 : 67
638,601–800,"China University of Geosciences, WuhanChina",30585,20.3,3%,
639,601–800,Chonnam National UniversitySouth KoreaExplore,23984,13.8,3%,48 : 52
640,601–800,Chulalongkorn UniversityThailandExplore,38734,14.8,3%,59 : 41
641,601–800,Comenius University in BratislavaSlovakia,22857,11.1,11%,66 : 34
642,601–800,COMSATS University IslamabadPakistan,30126,10.4,0%,24 : 76
643,601–800,Coventry UniversityUnited KingdomExplore,22737,14.3,45%,48 : 52
644,601–800,Czech Technical University in PragueCzech Republic,21266,13.2,16%,30 : 70
645,601–800,Dalian University of TechnologyChina,38678,16.6,2%,35 : 65
646,601–800,University of DaytonUnited States,10502,15.2,15%,48 : 52
647,601–800,University of DelhiIndia,22107,23.1,1%,49 : 51
648,601–800,De Montfort UniversityUnited Kingdom,15880,18.8,25%,58 : 42
649,601–800,Dublin Institute of TechnologyIreland,14544,19.5,26%,41 : 59
650,601–800,East China University of Science and TechnologyChina,24207,17.4,6%,41 : 59
651,601–800,Eastern Mediterranean UniversityNorthern CyprusExplore,19069,32.5,84%,37 : 63
652,601–800,University of East LondonUnited Kingdom,11857,20.2,33%,61 : 39
653,601–800,École Centrale de LyonFrance,1871,15.2,22%,25 : 75
654,601–800,École normale supérieure Paris-SaclayFrance,1631,10.5,15%,30 : 70
655,601–800,Edinburgh Napier UniversityUnited Kingdom,10953,20.3,32%,56 : 44
656,601–800,Embry-Riddle Aeronautical UniversityUnited States,15514,15.3,11%,17 : 83
657,601–800,Eötvös Loránd UniversityHungaryExplore,23558,14.8,7%,63 : 37
658,601–800,Universidade Estadual Paulista (Unesp)Brazil,44059,13.3,3%,49 : 51
659,601–800,Universidade Federal do ABC (UFABC)Brazil,12467,20.3,1%,31 : 69
660,601–800,Federal University of ItajubáBrazil,7559,15.3,1%,29 : 71
661,601–800,Federal University of Minas GeraisBrazil,45138,14.5,2%,53 : 47
662,601–800,Federal University of Rio de JaneiroBrazil,54989,14.0,2%,54 : 46
663,601–800,Universidade Federal do Rio Grande do SulBrazil,39588,14.4,1%,47 : 53
664,601–800,Florida Atlantic UniversityUnited States,17330,15.8,10%,59 : 41
665,601–800,Florida Institute of TechnologyUnited States,5343,14.6,35%,33 : 67
666,601–800,Fuzhou UniversityChina,35901,17.7,1%,42 : 58
667,601–800,Gebze Technical UniversityTurkey,5781,23.1,2%,34 : 66
668,601–800,Glasgow Caledonian UniversityUnited Kingdom,13826,21.9,19%,59 : 41
669,601–800,University of GreenwichUnited Kingdom,14678,18.7,35%,55 : 45
670,601–800,Hacettepe UniversityTurkey,39181,18.3,5%,57 : 43
671,601–800,University of HaifaIsrael,17917,30.7,2%,66 : 34
672,601–800,Hiroshima UniversityJapan,14769,8.3,6%,36 : 64
673,601–800,Huazhong Agricultural UniversityChina,25619,17.6,1%,53 : 47
674,601–800,University of HuddersfieldUnited Kingdom,15154,22.5,26%,56 : 44
675,601–800,Hunan UniversityChina,42004,22.2,2%,45 : 55
676,601–800,Indian Institute of Technology GuwahatiIndia,5419,13.4,1%,15 : 85
677,601–800,Indian Institute of Technology (Indian School of Mines) DhanbadIndia,6692,24.6,1%,15 : 85
678,601–800,Indian Institute of Technology MadrasIndia,9033,14.9,0%,19 : 81
679,601–800,Inha UniversitySouth Korea,19921,23.8,3%,38 : 62
680,601–800,Iran University of Science and TechnologyIran,13206,31.7,0%,30 : 70
681,601–800,ISCTE-University Institute of LisbonPortugal,8699,22.8,12%,50 : 50
682,601–800,Isfahan University of TechnologyIran,9323,19.8,1%,42 : 58
683,601–800,Istanbul Technical UniversityTurkey,36061,16.9,4%,34 : 66
684,601–800,Jadavpur UniversityIndia,11011,17.6,0%,31 : 69
685,601–800,University of JaénSpain,16894,20.5,8%,55 : 45
686,601–800,Jagiellonian UniversityPoland,42594,11.8,6%,67 : 33
687,601–800,Jeonbuk National UniversitySouth KoreaExplore,23728,20.7,3%,44 : 56
688,601–800,University of JohannesburgSouth AfricaExplore,28122,27.4,7%,55 : 45
689,601–800,Juntendo UniversityJapan,4246,3.7,1%,52 : 48
690,601–800,Kagawa UniversityJapan,6453,9.6,2%,41 : 59
691,601–800,Kanazawa UniversityJapan,10464,10.4,5%,36 : 64
692,601–800,Kansas State UniversityUnited States,22017,14.7,11%,50 : 50
693,601–800,Kaohsiung Medical UniversityTaiwan,6894,12.2,6%,56 : 44
694,601–800,Universiti Kebangsaan MalaysiaMalaysia,19353,11.8,12%,70 : 30
695,601–800,Keio UniversityJapan,34689,11.1,7%,34 : 66
696,601–800,King Mongkut’s University of Technology ThonburiThailand,16413,22.0,1%,46 : 54
697,601–800,Kingston UniversityUnited Kingdom,17342,21.5,36%,55 : 45
698,601–800,K.N. Toosi University of TechnologyIran,7079,23.0,0%,33 : 67
699,601–800,Kobe UniversityJapan,15751,7.8,7%,34 : 66
700,601–800,Kochi UniversityJapan,5584,8.4,1%,46 : 54
701,601–800,Kumamoto UniversityJapan,10214,7.8,6%,37 : 63
702,601–800,Kuwait UniversityKuwaitExplore,37752,24.0,13%,72 : 28
703,601–800,Kyungpook National UniversitySouth KoreaExplore,27162,18.2,4%,42 : 58
704,601–800,University of La LagunaSpain,20248,14.0,4%,57 : 43
705,601–800,Leeds Beckett UniversityUnited Kingdom,20122,20.8,14%,50 : 50
706,601–800,University of LincolnUnited Kingdom,10874,16.0,16%,56 : 44
707,601–800,University of LjubljanaSlovenia,42922,15.8,4%,60 : 40
708,601–800,Manchester Metropolitan UniversityUnited Kingdom,26686,15.3,15%,58 : 42
709,601–800,University of MariborSlovenia,13197,15.4,4%,54 : 46
710,601–800,Marquette UniversityUnited States,10664,12.4,5%,52 : 48
711,601–800,Middle East Technical UniversityTurkey,26739,26.3,7%,44 : 56
712,601–800,University of MinhoPortugal,18257,18.4,10%,54 : 46
713,601–800,Mississippi State UniversityUnited States,38420,28.6,4%,50 : 50
714,601–800,Monterrey Institute of TechnologyMexicoExplore,14003,17.2,13%,40 : 60
715,601–800,University of MurciaSpain,30623,15.3,6%,61 : 39
716,601–800,Nagoya City UniversityJapan,4317,8.0,3%,52 : 48
717,601–800,Nanjing Agricultural UniversityChina,26301,16.1,1%,56 : 44
718,601–800,Nanjing Medical UniversityChina,12783,9.1,5%,
719,601–800,Nanjing Normal UniversityChina,26714,14.6,3%,68 : 32
720,601–800,Nanjing Tech UniversityChinaExplore,30098,17.9,1%,
721,601–800,National Autonomous University of MexicoMexico,145024,12.1,6%,51 : 49
722,601–800,National Central UniversityTaiwan,10859,9.5,10%,34 : 66
723,601–800,National Chengchi UniversityTaiwan,15555,16.9,13%,59 : 41
724,601–800,National Institute of Applied Sciences of Lyon (INSA Lyon)France,6029,8.5,30%,32 : 68
725,601–800,National Institute of Technology RourkelaIndia,5746,19.1,4%,25 : 75
726,601–800,National University of Science and Technology (MISiS)Russian Federation,7236,9.2,24%,41 : 59
727,601–800,National University of Sciences and TechnologyPakistan,10373,8.0,3%,33 : 67
728,601–800,National Sun Yat-Sen UniversityTaiwan,9013,15.7,5%,37 : 63
729,601–800,National Yang-Ming UniversityTaiwan,4255,5.0,2%,48 : 52
730,601–800,New Mexico State University (Main campus)United States,13670,16.7,8%,53 : 47
731,601–800,University of North Carolina at GreensboroUnited States,17774,23.9,3%,66 : 34
732,601–800,Northeast Normal UniversityChina,24802,15.6,1%,64 : 36
733,601–800,University of Northern British Columbia (UNBC)Canada,2752,11.4,10%,60 : 40
734,601–800,Northwestern Polytechnical UniversityChinaExplore,26904,14.2,3%,26 : 74
735,601–800,Nottingham Trent UniversityUnited Kingdom,23045,16.9,18%,56 : 44
736,601–800,Okayama UniversityJapan,13115,7.9,4%,38 : 62
737,601–800,Old Dominion UniversityUnited States,19148,19.7,3%,54 : 46
738,601–800,Osaka City UniversityJapan,8386,9.1,4%,36 : 64
739,601–800,Otto von Guericke University of MagdeburgGermany,14248,12.2,14%,42 : 58
740,601–800,University of OviedoSpain,23806,13.4,2%,47 : 53
741,601–800,Palacký University OlomoucCzech Republic,18332,11.4,10%,69 : 31
742,601–800,Panjab UniversityIndia,17046,22.6,1%,46 : 54
743,601–800,University of PatrasGreece,24989,33.9,5%,49 : 51
744,601–800,University of PécsHungaryExplore,16396,12.6,17%,57 : 43
745,601–800,Peter the Great St Petersburg Polytechnic UniversityRussian Federation,16775,6.8,20%,43 : 57
746,601–800,University of the PhilippinesPhilippines,51086,11.2,1%,61 : 39
747,601–800,Pontifical Catholic University of PeruPeru,27013,17.0,3%,48 : 52
748,601–800,Pontifical Catholic University of Rio de Janeiro (PUC-Rio)Brazil,15638,22.0,3%,51 : 49
749,601–800,Portland State UniversityUnited States,21207,15.9,9%,54 : 46
750,601–800,University of PretoriaSouth AfricaExplore,36005,24.1,8%,56 : 44
751,601–800,Pusan National UniversitySouth KoreaExplore,25464,19.7,11%,46 : 54
752,601–800,Universiti Putra MalaysiaMalaysia,25929,12.9,18%,44 : 56
753,601–800,University of ReginaCanada,12178,22.2,15%,60 : 40
754,601–800,University Rey Juan CarlosSpain,33849,26.5,11%,57 : 43
755,601–800,Rochester Institute of TechnologyUnited States,13784,16.2,17%,35 : 65
756,601–800,University of RoehamptonUnited Kingdom,7169,17.6,28%,73 : 27
757,601–800,Universiti Sains MalaysiaMalaysia,25975,12.9,8%,63 : 37
758,601–800,University of SalamancaSpain,30943,18.5,14%,58 : 42
759,601–800,University of SalfordUnited Kingdom,15790,16.6,26%,52 : 48
760,601–800,Samara State Aerospace UniversityRussian Federation,6314,9.0,6%,
761,601–800,University of Santiago de CompostelaSpain,27573,15.9,8%,62 : 38
762,601–800,Savitribai Phule Pune UniversityIndia,6155,15.9,3%,41 : 59
763,601–800,University of Science and Technology BeijingChina,24384,15.8,3%,36 : 64
764,601–800,University of SeoulSouth Korea,8902,17.0,5%,35 : 65
765,601–800,University of SevilleSpain,54413,18.5,2%,49 : 51
766,601–800,Shanghai UniversityChina,36461,13.5,5%,46 : 54
767,601–800,Shantou UniversityChina,9857,12.0,0%,50 : 50
768,601–800,Sharif University of TechnologyIran,11228,17.9,0%,26 : 74
769,601–800,Sichuan UniversityChinaExplore,60848,13.9,4%,50 : 50
770,601–800,Sogang UniversitySouth Korea,9440,21.5,7%,43 : 57
771,601–800,University of Southern QueenslandAustralia,11921,25.9,19%,57 : 43
772,601–800,University of South WalesUnited Kingdom,17332,17.0,19%,51 : 49
773,601–800,Suranaree University of TechnologyThailand,14107,32.6,1%,54 : 46
774,601–800,University of SzegedHungary,20864,13.1,12%,57 : 43
775,601–800,University of TabrizIran,22421,30.2,0%,51 : 49
776,601–800,Taipei Medical UniversityTaiwanExplore,5929,12.1,7%,57 : 43
777,601–800,Tallinn University of TechnologyEstonia,10921,21.2,10%,52 : 48
778,601–800,Technical University of MadridSpain,40371,13.6,12%,32 : 68
779,601–800,University of Technology of CompiègneFrance,4321,15.4,24%,36 : 64
780,601–800,Teesside UniversityUnited Kingdom,11095,18.1,12%,56 : 44
781,601–800,University of TehranIran,59457,29.4,2%,43 : 57
782,601–800,Tehran University of Medical SciencesIran,12668,7.6,3%,60 : 40
783,601–800,Universiti Teknologi MalaysiaMalaysia,18214,10.5,14%,52 : 48
784,601–800,Universiti Teknologi PetronasMalaysia,5875,15.3,22%,34 : 66
785,601–800,University of Texas at El PasoUnited States,16595,23.8,7%,53 : 47
786,601–800,Tezpur UniversityIndia,3611,13.8,0%,40 : 60
787,601–800,Tokyo University of Agriculture and TechnologyJapan,5797,14.8,6%,28 : 72
788,601–800,Tokyo University of ScienceJapanExplore,19791,25.1,1%,20 : 80
789,601–800,University of VigoSpain,19472,16.6,6%,50 : 50
790,601–800,Vilnius UniversityLithuania,17364,12.3,6%,61 : 39
791,601–800,Warsaw University of TechnologyPoland,31101,13.0,5%,37 : 63
792,601–800,Waseda UniversityJapan,49840,15.8,8%,36 : 64
793,601–800,University of the West of EnglandUnited Kingdom,20468,18.3,19%,53 : 47
794,601–800,University of the Western CapeSouth Africa,20382,31.6,9%,60 : 40
795,601–800,University of WestminsterUnited Kingdom,17040,20.1,46%,59 : 41
796,601–800,University of WindsorCanada,15227,19.1,17%,52 : 48
797,601–800,Yeungnam UniversitySouth Korea,20532,14.7,4%,49 : 51
798,601–800,Yokohama City UniversityJapan,4889,3.5,2%,55 : 45
799,601–800,University of ZaragozaSpain,29924,11.2,6%,55 : 45
800,801–1000,University of Abou Bekr Belkaïd TlemcenAlgeria,42407,23.8,1%,67 : 33
801,801–1000,University of A CoruñaSpain,15735,11.9,2%,51 : 49
802,801–1000,"Adam Mickiewicz University, PoznańPoland",40412,14.9,2%,69 : 31
803,801–1000,"University of Agriculture, FaisalabadPakistan",19736,32.9,0%,41 : 59
804,801–1000,Ain Shams UniversityEgypt,131200,13.5,2%,61 : 39
805,801–1000,Ajou UniversitySouth Korea,11629,10.2,4%,34 : 66
806,801–1000,Akdeniz UniversityTurkey,33904,26.3,2%,45 : 55
807,801–1000,Alexandria UniversityEgypt,166350,26.9,4%,53 : 47
808,801–1000,Alexandru Ioan Cuza UniversityRomania,23476,17.7,6%,63 : 37
809,801–1000,University of AlicanteSpain,28005,19.5,7%,57 : 43
810,801–1000,University of AlmeríaSpain,12315,18.4,7%,57 : 43
811,801–1000,Amrita Vishwa VidyapeethamIndia,14233,11.9,13%,
812,801–1000,Andhra UniversityIndia,9632,19.2,3%,42 : 58
813,801–1000,Universidad Andrés Bello (UNAB)Chile,44906,26.1,1%,52 : 48
814,801–1000,Annamalai UniversityIndia,33028,16.2,2%,35 : 65
815,801–1000,University of AntioquiaColombia,39524,23.1,0%,50 : 50
816,801–1000,"Asia University, TaiwanTaiwan",12514,30.7,2%,56 : 44
817,801–1000,Assiut UniversityEgypt,60170,33.0,1%,41 : 59
818,801–1000,Austral University of ChileChile,14423,16.7,2%,49 : 51
819,801–1000,Bandung Institute of Technology (ITB)Indonesia,16786,11.5,2%,40 : 60
820,801–1000,Bauman Moscow State Technical UniversityRussian Federation,19394,4.0,7%,30 : 70
821,801–1000,Beijing Jiaotong UniversityChina,24610,13.7,6%,41 : 59
822,801–1000,Belarusian State UniversityBelarus,27384,9.1,9%,69 : 31
823,801–1000,"Birla Institute of Technology and Science, PilaniIndia",12502,17.5,0%,21 : 79
824,801–1000,University of BrasíliaBrazil,51179,19.3,2%,51 : 49
825,801–1000,Brno University of TechnologyCzech Republic,22278,21.4,19%,28 : 72
826,801–1000,University of BucharestRomania,31234,23.4,2%,69 : 31
827,801–1000,Budapest University of Technology and EconomicsHungary,20258,19.6,3%,31 : 69
828,801–1000,Cairo UniversityEgypt,252095,46.2,2%,48 : 52
829,801–1000,University of CalcuttaIndiaExplore,18922,36.0,0%,50 : 50
830,801–1000,"California Polytechnic State University, San Luis ObispoUnited States",18838,20.5,2%,47 : 53
831,801–1000,University of Castilla-La ManchaSpain,24174,14.3,5%,56 : 44
832,801–1000,Catholic University of the NorthChile,11187,20.2,1%,45 : 55
833,801–1000,Central University of VenezuelaVenezuela,48426,14.7,1%,57 : 43
834,801–1000,University of Cergy-PontoiseFrance,18125,9.4,15%,64 : 36
835,801–1000,Chiang Mai UniversityThailand,35809,16.9,1%,62 : 38
836,801–1000,China University of Mining and TechnologyChina,43095,18.1,1%,28 : 72
837,801–1000,"China University of Petroleum, BeijingChina",15133,18.8,5%,
838,801–1000,Chongqing UniversityChinaExplore,49391,17.6,3%,
839,801–1000,Chungnam National UniversitySouth Korea,22674,22.2,3%,34 : 66
840,801–1000,Chung Yuan Christian UniversityTaiwan,15769,31.7,9%,42 : 58
841,801–1000,Chuo UniversityJapan,26870,37.6,3%,34 : 66
842,801–1000,Cochin University of Science and TechnologyIndia,8168,32.0,0%,36 : 64
843,801–1000,University of ColomboSri Lanka,22826,32.1,0%,59 : 41
844,801–1000,University of ConcepciónChile,26682,17.9,1%,50 : 50
845,801–1000,Corvinus University of BudapestHungary,13724,25.0,12%,55 : 45
846,801–1000,University of Costa RicaCosta Rica,30436,10.3,2%,53 : 47
847,801–1000,Czech University of Life Sciences Prague (CZU)Czech Republic,17077,20.6,18%,54 : 46
848,801–1000,University of DebrecenHungaryExplore,27519,18.2,14%,57 : 43
849,801–1000,Del Rosario UniversityColombia,8458,11.3,3%,
850,801–1000,University of DerbyUnited Kingdom,12217,15.0,14%,55 : 45
851,801–1000,Ehime UniversityJapan,9526,12.8,3%,37 : 63
852,801–1000,The University of Electro-CommunicationsJapan,4982,16.6,5%,10 : 90
853,801–1000,University of Electronic Science and Technology of ChinaChinaExplore,34052,16.2,1%,23 : 77
854,801–1000,Erciyes UniversityTurkey,35263,25.3,2%,47 : 53
855,801–1000,Universidade do Estado do Rio de Janeiro (UERJ)Brazil,25811,9.9,0%,48 : 52
856,801–1000,Universidade Federal do Ceará (UFC)Brazil,34084,16.3,0%,47 : 53
857,801–1000,Federal University of PelotasBrazil,17882,13.7,1%,51 : 49
858,801–1000,Federal University of PernambucoBrazil,32408,12.7,1%,50 : 50
859,801–1000,Federal University of Rio Grande do Norte (UFRN)Brazil,42613,19.3,0%,54 : 46
860,801–1000,Universidade Federal de Santa CatarinaBrazil,34183,14.2,2%,48 : 52
861,801–1000,Federal University of São CarlosBrazil,18145,14.5,2%,49 : 51
862,801–1000,Feng Chia UniversityTaiwan,21014,24.8,12%,37 : 63
863,801–1000,Ferdowsi University of MashhadIran,23211,28.4,4%,57 : 43
864,801–1000,University of La FronteraChile,10157,24.7,0%,44 : 56
865,801–1000,Fu Jen Catholic UniversityTaiwan,23154,19.3,7%,58 : 42
866,801–1000,Universitas Gadjah MadaIndonesia,42398,12.4,1%,53 : 47
867,801–1000,Gdańsk University of TechnologyPoland,24230,19.9,1%,40 : 60
868,801–1000,University of GhanaGhana,39436,35.1,2%,43 : 57
869,801–1000,Gifu UniversityJapan,7320,8.0,4%,35 : 65
870,801–1000,Grigore T. Popa University of Medicine and PharmacyRomania,9710,11.7,29%,65 : 35
871,801–1000,University of GuilanIran,16946,15.1,0%,55 : 45
872,801–1000,Hallym UniversitySouth Korea,8688,10.1,3%,
873,801–1000,Hamamatsu University School of MedicineJapan,1198,3.8,2%,49 : 51
874,801–1000,Hosei UniversityJapan,28937,38.5,2%,35 : 65
875,801–1000,Huaqiao UniversityChina,23442,14.9,15%,38 : 62
876,801–1000,University of IbadanNigeria,26783,16.5,1%,47 : 53
877,801–1000,Imam Abdulrahman Bin Faisal UniversitySaudi ArabiaExplore,22257,8.8,4%,81 : 19
878,801–1000,University of IndonesiaIndonesiaExplore,42854,13.7,5%,59 : 41
879,801–1000,University of IsfahanIran,12473,19.4,1%,59 : 41
880,801–1000,I-Shou UniversityTaiwan,16705,31.3,11%,46 : 54
881,801–1000,Istanbul UniversityTurkey,96144,45.9,6%,48 : 52
882,801–1000,Iwate UniversityJapan,5713,14.6,2%,37 : 63
883,801–1000,Izmir Institute of TechnologyTurkey,4211,18.6,4%,46 : 54
884,801–1000,Jamia Millia IslamiaIndia,16710,23.3,1%,33 : 67
885,801–1000,Jiangsu UniversityChina,32350,7.0,4%,47 : 53
886,801–1000,The Jikei University School of MedicineJapan,1020,0.6,4%,45 : 55
887,801–1000,Jinan UniversityChinaExplore,34016,14.8,25%,60 : 40
888,801–1000,The University of JordanJordan,31278,16.0,14%,65 : 35
889,801–1000,Kagoshima UniversityJapan,10577,10.2,3%,38 : 62
890,801–1000,Kansai Medical UniversityJapan,829,1.1,2%,38 : 62
891,801–1000,Kasetsart UniversityThailand,68505,23.1,1%,61 : 39
892,801–1000,University of KeralaIndia,9593,31.3,1%,65 : 35
893,801–1000,Khon Kaen UniversityThailand,34661,18.8,2%,63 : 37
894,801–1000,Kindai UniversityJapan,30609,13.0,2%,29 : 71
895,801–1000,King Mongkut’s Institute of Technology LadkrabangThailand,23946,25.0,0%,52 : 48
896,801–1000,Kitasato UniversityJapan,8555,5.5,0%,52 : 48
897,801–1000,Kyoto Institute of TechnologyJapan,4057,13.0,5%,26 : 74
898,801–1000,Kyushu Institute of Technology (Kyutech)Japan,5793,16.0,4%,13 : 87
899,801–1000,University of LatviaLatvia,12034,14.0,7%,66 : 34
900,801–1000,Lobachevsky State University of Nizhni NovgorodRussian Federation,18557,8.5,6%,53 : 47
901,801–1000,London South Bank UniversityUnited Kingdom,12270,17.3,35%,55 : 45
902,801–1000,Mansoura UniversityEgypt,109714,26.5,4%,54 : 46
903,801–1000,Marmara UniversityTurkey,78666,39.5,3%,49 : 51
904,801–1000,University of Marrakech Cadi AyyadMorocco,76560,51.7,1%,42 : 58
905,801–1000,Meiji UniversityJapan,32270,29.1,4%,32 : 68
906,801–1000,Metropolitan Autonomous UniversityMexico,57092,20.1,0%,47 : 53
907,801–1000,Mie UniversityJapan,7298,12.6,2%,37 : 63
908,801–1000,University of MiyazakiJapan,5507,8.3,2%,35 : 65
909,801–1000,Mohammed V University of RabatMorocco,71147,32.5,4%,53 : 47
910,801–1000,Nagaoka University of TechnologyJapan,2341,10.0,12%,11 : 89
911,801–1000,Nagasaki UniversityJapan,8881,6.6,3%,37 : 63
912,801–1000,Nagoya Institute of TechnologyJapan,5695,16.5,4%,13 : 87
913,801–1000,University of NairobiKenya,84614,47.3,0%,38 : 62
914,801–1000,Nara Medical UniversityJapan,1155,3.3,1%,50 : 50
915,801–1000,National Chung Cheng UniversityTaiwanExplore,10925,16.9,4%,39 : 61
916,801–1000,National University of ColombiaColombia,51432,22.5,1%,36 : 64
917,801–1000,National University of CórdobaArgentina,87926,22.3,1%,62 : 38
918,801–1000,National Dong Hwa UniversityTaiwanExplore,10174,17.5,7%,49 : 51
919,801–1000,National Research Saratov State UniversityRussian Federation,10544,11.8,4%,60 : 40
920,801–1000,National University of TainanTaiwan,5996,25.4,3%,56 : 44
921,801–1000,National Taipei UniversityTaiwan,8563,17.1,4%,55 : 45
922,801–1000,National Taipei University of TechnologyTaiwanExplore,10288,16.7,5%,27 : 73
923,801–1000,National Taiwan Ocean UniversityTaiwan,8609,21.7,7%,
924,801–1000,Nicolaus Copernicus University in ToruńPoland,21497,9.9,2%,70 : 30
925,801–1000,Niigata UniversityJapanExplore,12522,8.1,4%,38 : 62
926,801–1000,"Northeastern University, ChinaChina",33348,15.1,4%,
927,801–1000,Northwest UniversityChina,22167,15.0,2%,56 : 44
928,801–1000,NorthWest A&F UniversityChina,30722,16.7,1%,
929,801–1000,Novosibirsk State Technical UniversityRussian Federation,11126,10.7,16%,45 : 55
930,801–1000,Oakland UniversityUnited States,15401,19.0,3%,59 : 41
931,801–1000,Ocean University of ChinaChina,35410,19.4,1%,
932,801–1000,Osaka Prefecture UniversityJapan,7931,7.4,3%,35 : 65
933,801–1000,Osmania UniversityIndia,12017,15.5,3%,29 : 71
934,801–1000,University of OstravaCzech Republic,10062,21.5,7%,69 : 31
935,801–1000,University of PardubiceCzech Republic,8487,15.7,3%,55 : 45
936,801–1000,Paris Nanterre UniversityFrance,33635,35.7,16%,63 : 37
937,801–1000,Pondicherry UniversityIndia,6278,17.3,1%,42 : 58
938,801–1000,Pontifical Catholic University of Rio Grande do Sul (PUCRS)Brazil,20944,23.6,1%,51 : 49
939,801–1000,Pontifical Catholic University of ValparaísoChile,14953,23.1,1%,43 : 57
940,801–1000,Pontifícia Universidade Católica do ParanáBrazil,26022,23.3,1%,53 : 47
941,801–1000,Prince of Songkla UniversityThailand,42751,18.3,1%,70 : 30
942,801–1000,Riga Technical UniversityLatvia,11119,27.3,9%,33 : 67
943,801–1000,Ritsumeikan UniversityJapan,35228,14.5,4%,35 : 65
944,801–1000,Robert Gordon UniversityUnited Kingdom,9617,18.3,24%,60 : 40
945,801–1000,Saga UniversityJapan,7015,10.3,3%,38 : 62
946,801–1000,Saitama UniversityJapan,8808,13.9,5%,32 : 68
947,801–1000,Saitama Medical UniversityJapan,1874,1.5,0%,53 : 47
948,801–1000,"University of Santiago, Chile (USACH)Chile",23401,21.0,1%,40 : 60
949,801–1000,Seoul National University of Science and Technology (SeoulTech)South Korea,12471,16.6,2%,33 : 67
950,801–1000,Shaanxi Normal UniversityChina,26388,14.2,3%,72 : 28
951,801–1000,Shahid Beheshti UniversityIran,17113,22.6,1%,52 : 48
952,801–1000,University of SharjahUnited Arab Emirates,13300,23.6,61%,65 : 35
953,801–1000,Sheffield Hallam UniversityUnited Kingdom,24627,16.3,14%,54 : 46
954,801–1000,Shiga University of Medical ScienceJapan,1134,3.0,2%,51 : 49
955,801–1000,Shimane UniversityJapan,6122,8.0,2%,37 : 63
956,801–1000,Shinshu UniversityJapan,10944,10.3,2%,32 : 68
957,801–1000,Shiraz UniversityIran,12879,19.3,1%,49 : 51
958,801–1000,Shizuoka UniversityJapan,10032,14.1,3%,29 : 71
959,801–1000,Showa UniversityJapan,3747,2.4,1%,58 : 42
960,801–1000,University of Silesia in KatowicePoland,26470,14.1,2%,68 : 32
961,801–1000,Simón Bolívar UniversityVenezuela,9731,12.1,0%,44 : 56
962,801–1000,Slovak University of Technology in BratislavaSlovakia,15749,14.8,2%,33 : 67
963,801–1000,Sophia UniversityJapanExplore,12907,23.6,8%,54 : 46
964,801–1000,University of South AfricaSouth Africa,184432,89.6,12%,66 : 34
965,801–1000,Southern Federal UniversityRussian Federation,20148,7.4,7%,53 : 47
966,801–1000,University of Southern MississippiUnited States,13576,18.2,3%,64 : 36
967,801–1000,South Valley UniversityEgypt,52098,60.8,1%,50 : 50
968,801–1000,Sri Venkateswara UniversityIndia,7663,14.1,0%,33 : 67
969,801–1000,State University of Ponta GrossaBrazil,8219,8.6,1%,55 : 45
970,801–1000,Suez Canal UniversityEgypt,33846,12.7,1%,58 : 42
971,801–1000,Sultan Qaboos UniversityOman,7623,8.0,3%,50 : 50
972,801–1000,University of TalcaChile,10532,24.6,1%,51 : 49
973,801–1000,Taras Shevchenko National University of KyivUkraine,22152,8.7,4%,62 : 38
974,801–1000,Technical University of KošiceSlovakia,9714,12.3,3%,30 : 70
975,801–1000,Universiti Tenaga Nasional (UNITEN)Malaysia,8231,22.1,7%,41 : 59
976,801–1000,Texas State UniversityUnited States,30054,20.4,1%,57 : 43
977,801–1000,Thapar Institute of Engineering and TechnologyIndiaExplore,5576,14.3,1%,29 : 71
978,801–1000,TOBB University of Economics and TechnologyTurkey,5053,16.0,1%,45 : 55
979,801–1000,Tokai UniversityJapan,30061,12.8,2%,27 : 73
980,801–1000,Tokushima UniversityJapan,7543,8.6,3%,34 : 66
981,801–1000,Tokyo University of Marine Science and TechnologyJapan,2660,11.1,7%,33 : 67
982,801–1000,Tomas Bata University in ZlínCzech Republic,9263,21.2,9%,59 : 41
983,801–1000,University of ToyamaJapan,9326,11.4,4%,39 : 61
984,801–1000,Toyohashi University of Technology (TUT)Japan,2350,9.9,7%,9 : 91
985,801–1000,University of ValparaísoChile,15654,17.4,3%,57 : 43
986,801–1000,VIT UniversityIndia,30473,18.1,3%,25 : 75
987,801–1000,VSB - Technical University of OstravaCzech RepublicExplore,18270,23.4,8%,
988,801–1000,University of West BohemiaCzech Republic,12991,18.7,3%,51 : 49
989,801–1000,West University of TimişoaraRomania,13524,17.0,4%,65 : 35
990,801–1000,University of WrocławPoland,23852,12.9,3%,
991,801–1000,Wuhan University of TechnologyChina,50876,14.6,3%,31 : 69
992,801–1000,Xiangtan UniversityChinaExplore,30810,21.2,1%,53 : 47
993,801–1000,Xidian UniversityChina,32722,16.6,2%,29 : 71
994,801–1000,Yamagata UniversityJapan,8961,8.2,1%,35 : 65
995,801–1000,Yamaguchi UniversityJapan,10639,11.0,4%,35 : 65
996,801–1000,University of YamanashiJapan,4777,6.7,4%,30 : 70
997,801–1000,Yıldız Technical UniversityTurkeyExplore,35670,28.5,4%,38 : 62
998,801–1000,Yokohama National UniversityJapan,9968,12.8,7%,28 : 72
999,801–1000,Yuan Ze UniversityTaiwan,8652,20.9,6%,42 : 58
1000,801–1000,University of ZagrebCroatia,73465,17.4,1%,55 : 45
1001,1001+,Akita UniversityJapan,5127,8.8,3%,35 : 65
1002,1001+,Alzahra UniversityIran,10637,31.2,0%,100 : 0
1003,1001+,Amity UniversityIndia,25607,15.0,4%,43 : 57
1004,1001+,Anadolu UniversityTurkey,1824383,864.6,1%,41 : 59
1005,1001+,"University of the Andes, VenezuelaVenezuela",52972,21.2,0%,61 : 39
1006,1001+,Ankara UniversityTurkey,65703,17.0,4%,53 : 47
1007,1001+,Universidad Autónoma del Estado de HidalgoMexico,32210,17.7,0%,57 : 43
1008,1001+,Universidad Autónoma del Estado de Mexico (UAEMex)Mexico,55667,22.2,0%,55 : 45
1009,1001+,Universidad Autónoma de Nuevo León (UANL)Mexico,96916,26.0,1%,
1010,1001+,Universidad Autónoma de YucatánMexico,12208,12.4,0%,48 : 52
1011,1001+,Autonomous University of Baja CaliforniaMexicoExplore,59539,20.4,2%,52 : 48
1012,1001+,Bahauddin Zakariya UniversityPakistan,24069,32.9,0%,47 : 53
1013,1001+,Benemérita Universidad Autónoma de PueblaMexico,70345,34.9,0%,53 : 47
1014,1001+,University of BirjandIran,11284,33.5,1%,53 : 47
1015,1001+,Chaoyang University of TechnologyTaiwan,17235,43.3,7%,57 : 43
1016,1001+,Chiba Institute of TechnologyJapan,9668,31.0,1%,11 : 89
1017,1001+,University of DhakaBangladesh,63010,6.8,5%,39 : 61
1018,1001+,Dokuz Eylül UniversityTurkey,58134,17.6,2%,55 : 45
1019,1001+,Doshisha UniversityJapan,29220,23.8,3%,39 : 61
1020,1001+,Universidade Estadual de MaringáBrazil,23341,14.1,1%,59 : 41
1021,1001+,Universidade Estadual do Oeste do Paraná (Unioeste)Brazil,10791,5.0,0%,53 : 47
1022,1001+,Far Eastern Federal UniversityRussian Federation,15764,8.3,14%,
1023,1001+,Federal University of GoiásBrazil,27514,10.2,0%,45 : 55
1024,1001+,Federal University of LavrasBrazil,12168,17.6,1%,52 : 48
1025,1001+,Universidade Federal de Ouro Preto (UFOP)Brazil,15380,15.7,0%,52 : 48
1026,1001+,Universidade Federal do Paraná (UFPR)Brazil,33820,13.6,1%,47 : 53
1027,1001+,Federal University of Santa MariaBrazil,25751,13.5,0%,
1028,1001+,Federal University of ViçosaBrazil,16752,13.8,3%,52 : 48
1029,1001+,Fluminense Federal UniversityBrazil,61662,18.1,0%,49 : 51
1030,1001+,University of FukuiJapan,4980,9.1,4%,28 : 72
1031,1001+,Gazi UniversityTurkey,78021,28.2,3%,49 : 51
1032,1001+,"G.B. Pant University of Agriculture & Technology, PantnagarIndia",4567,8.2,0%,46 : 54
1033,1001+,University of GdańskPoland,28397,17.4,1%,69 : 31
1034,1001+,GITAM UniversityIndia,14822,16.3,1%,27 : 73
1035,1001+,Government College University LahorePakistan,8526,19.3,1%,43 : 57
1036,1001+,University of GuadalajaraMexicoExplore,118665,54.0,0%,51 : 49
1037,1001+,Guangxi UniversityChina,33970,15.8,5%,46 : 54
1038,1001+,The Hashemite UniversityJordanExplore,24958,25.7,4%,62 : 38
1039,1001+,University of HyogoJapan,6682,14.1,2%,38 : 62
1040,1001+,Ibaraki UniversityJapan,8113,14.0,3%,35 : 65
1041,1001+,Instituto Politécnico Nacional (IPN)Mexico,173868,10.3,0%,39 : 61
1042,1001+,IPB UniversityIndonesia,22718,15.8,1%,57 : 43
1043,1001+,Ivane Javakhishvili Tbilisi State UniversityGeorgiaExplore,21866,28.5,2%,62 : 38
1044,1001+,Ivan Franko National University of LvivUkraine,18632,11.3,1%,68 : 32
1045,1001+,Jawaharlal Nehru Technological University Anantapur (JNTUA)India,4621,13.6,0%,39 : 61
1046,1001+,Kanagawa UniversityJapan,18467,39.4,3%,28 : 72
1047,1001+,Kansai UniversityJapan,30211,11.5,2%,39 : 61
1048,1001+,Kaunas University of TechnologyLithuania,10439,13.8,6%,39 : 61
1049,1001+,King Mongkut's University of Technology North BangkokThailand,25640,24.4,0%,38 : 62
1050,1001+,Kogakuin UniversityJapan,6506,20.5,1%,13 : 87
1051,1001+,Kwansei Gakuin UniversityJapan,24410,15.2,4%,47 : 53
1052,1001+,University of LahorePakistan,27872,16.2,2%,29 : 71
1053,1001+,University of ŁódźPoland,35088,15.9,3%,66 : 34
1054,1001+,Lodz University of TechnologyPoland,19984,15.2,2%,
1055,1001+,Londrina State UniversityBrazil,16461,9.8,0%,57 : 43
1056,1001+,Lviv Polytechnic National UniversityUkraine,28691,12.2,1%,
1057,1001+,Maharaja Sayajirao University of BarodaIndia,29624,29.1,0%,56 : 44
1058,1001+,Manipal Academy of Higher EducationIndia,24705,9.8,9%,43 : 57
1059,1001+,Meijo UniversityJapan,15485,31.9,2%,27 : 73
1060,1001+,Ming Chuan UniversityTaiwan,18843,22.2,11%,60 : 40
1061,1001+,University of MonastirTunisia,23637,12.4,1%,67 : 33
1062,1001+,University of MysoreIndia,8535,20.1,9%,34 : 66
1063,1001+,National Chiayi UniversityTaiwan,12750,26.6,4%,48 : 52
1064,1001+,National University of KaohsiungTaiwan,5416,23.3,3%,40 : 60
1065,1001+,National Research University of Electronic Technology (MIET)Russian Federation,4318,10.8,2%,31 : 69
1066,1001+,National Technical University of Ukraine – Igor Sikorsky Kyiv Polytechnic InstituteUkraine,21601,8.3,1%,32 : 68
1067,1001+,Oita UniversityJapan,5793,7.2,2%,37 : 63
1068,1001+,Ondokuz Mayis UniversityTurkey,42911,18.8,4%,56 : 44
1069,1001+,Perm State UniversityRussian Federation,12371,13.1,1%,63 : 37
1070,1001+,University of PeshawarPakistan,7900,14.9,1%,42 : 58
1071,1001+,PMAS Arid Agriculture University RawalpindiPakistan,9957,40.5,0%,39 : 61
1072,1001+,PSG College of TechnologyIndia,8490,14.7,0%,38 : 62
1073,1001+,RUDN UniversityRussian Federation,16215,9.4,32%,67 : 33
1074,1001+,SASTRA UniversityIndia,13147,18.9,0%,50 : 50
1075,1001+,Sathyabama Institute of Science and TechnologyIndiaExplore,17861,22.1,1%,51 : 49
1076,1001+,Sechenov UniversityRussian Federation,16128,9.0,10%,58 : 42
1077,1001+,Shanghai Maritime UniversityChina,23552,18.8,3%,37 : 63
1078,1001+,Shibaura Institute of TechnologyJapan,9911,17.7,4%,15 : 85
1079,1001+,Siberian Federal UniversityRussian Federation,28008,11.3,1%,47 : 53
1080,1001+,Sidi Mohamed Ben Abdellah UniversityMorocco,82558,58.3,2%,45 : 55
1081,1001+,Sofia UniversityBulgaria,23956,13.7,4%,65 : 35
1082,1001+,Southwest Jiaotong UniversityChinaExplore,40819,15.3,2%,26 : 74
1083,1001+,SRM Institute of Science and TechnologyIndia,42886,15.3,2%,23 : 77
1084,1001+,Tamil Nadu Agricultural UniversityIndia,5780,7.1,0%,62 : 38
1085,1001+,Tamkang UniversityTaiwan,27060,24.0,6%,48 : 52
1086,1001+,Technical University of LiberecCzech Republic,6129,12.1,9%,54 : 46
1087,1001+,Tokyo City UniversityJapan,7904,15.6,1%,22 : 78
1088,1001+,Tokyo Denki UniversityJapan,9400,25.7,2%,10 : 90
1089,1001+,Tottori UniversityJapan,6165,8.0,2%,36 : 64
1090,1001+,Toyo UniversityJapan,30142,33.5,1%,41 : 59
1091,1001+,University of Tunis El ManarTunisia,30301,16.7,1%,76 : 24
1092,1001+,Unisinos UniversityBrazil,14412,20.9,1%,52 : 48
1093,1001+,Ural Federal UniversityRussian Federation,24917,9.8,7%,46 : 54
1094,1001+,Universiti Utara MalaysiaMalaysia,14315,13.0,18%,73 : 27
1095,1001+,Utsunomiya UniversityJapan,4928,14.5,4%,36 : 64
1096,1001+,"University of Veterinary and Animal Sciences, LahorePakistan",5003,28.6,0%,45 : 55
1097,1001+,V.N. Karazin Kharkiv National UniversityUkraine,16067,9.8,27%,53 : 47
1098,1001+,Volgograd State Technical UniversityRussian Federation,9254,12.0,6%,
1099,1001+,Voronezh State UniversityRussian Federation,15468,10.1,9%,58 : 42
1100,1001+,Yazd UniversityIran,13600,23.9,0%,56 : 44
1101,1001+,Yeditepe UniversityTurkey,23260,25.1,1%,52 : 48
1102,1001+,University of ZanjanIran,10305,25.8,0%,55 : 45
